<?xml version="1.0" encoding="UTF-8"?>
<project-private xmlns="http://www.netbeans.org/ns/project-private/1">
    <editor-bookmarks xmlns="http://www.netbeans.org/ns/editor-bookmarks/2" lastBookmarkId="0"/>
    <open-files xmlns="http://www.netbeans.org/ns/projectui-open-files/2">
        <group>
            <file>file:/C:/Users/Mrunalini/Desktop/CarCrashDetectionAndPrevention1/src/userinterface/CustomerServiceRole/CustomerServiceWorkAreaJPanel.java</file>
            <file>file:/C:/Users/Mrunalini/Desktop/CarCrashDetectionAndPrevention1/src/userinterface/AdministrativeRole/AdminWorkAreaJPanel.java</file>
            <file>file:/C:/Users/Mrunalini/Desktop/CarCrashDetectionAndPrevention1/src/userinterface/CustomerRole/CustomerWorkAreaJPanel.java</file>
        </group>
    </open-files>
</project-private>
